rocnik,vitez,nastoupilo,na_soupisce,nastoupili_CR_top1,nastoupili_CR_top5,nastoupili_CR_top10,nastoupili_CR_top15,nastoupili_FIDE_top1,nastoupili_FIDE_top5,nastoupili_FIDE_top10,nastoupili_FIDE_top15,soupiska_CR_top1,soupiska_CR_top5,soupiska_CR_top10,soupiska_CR_top15,soupiska_FIDE_top1,soupiska_FIDE_top5,soupiska_FIDE_top10,soupiska_FIDE_top15
2004/05,BŠŠ Frýdek-Místek,58,119,2205,2152,2099,2058,,,,,2301,2189,2136,2088,,,,
2005/06,BŠŠ Frýdek-Místek A,50,114,2295,2205,2144,2094,,,,,2295,2216,2162,2109,,,,
2006/07,Šachklub Sokol Klatovy A,60,109,2273,2221,2167,2126,,,,,2273,2221,2167,2126,,,,
2007/08,BŠŠ Frýdek-Místek A,60,116,2394,2313,2239,2185,,,,,2394,2313,2239,2185,,,,
2008/09,ŠK Lokomotiva Brno,57,111,2419,2327,2270,2228,,,,,2419,2327,2270,2228,,,,
2009/10,BŠŠ Frýdek-Místek,60,110,2294,2225,2196,2162,,,,,2294,2225,2196,2162,,,,
2010/11,BŠŠ Frýdek-Místek,60,94,2316,2182,2127,2087,,,,,2316,2182,2134,2093,,,,
2011/12,ŠK Lokomotiva Brno,54,102,2330,2227,2167,2122,2339,2221,2134,2085,2330,2227,2167,2122,2339,2221,2134,2085
2012/13,BŠŠ Frýdek-Místek,62,113,2196,2160,2135,2109,2140,2108,2084,2063,2196,2160,2135,2109,2140,2108,2084,2063
2013/14,TJ Spartak Vlašim,55,103,2260,2220,2148,2104,2202,2182,2129,2073,2260,2220,2148,2106,2202,2182,2129,2078
2014/15,TJ Spartak Vlašim,54,97,2267,2233,2175,2138,2300,2236,2186,2143,2267,2233,2175,2138,2300,2236,2186,2143
2015/16,PROMAT OAZA Praha,56,104,2204,2167,2129,2102,2276,2227,2183,2152,2204,2167,2129,2102,2276,2227,2183,2152
2016/17,Šachklub Sokol Klatovy,56,108,2278,2208,2171,2139,2329,2222,2184,2159,2354,2245,2197,2164,2358,2265,2220,2185
2017/18,BŠŠ Frýdek-Místek,63,112,2285,2236,2182,2151,2280,2240,2209,2181,2285,2237,2190,2158,2280,2240,2209,2181
2018/19,Šachklub Sokol Klatovy,57,109,2348,2266,2209,2176,2402,2286,2228,2189,2348,2279,2222,2188,2402,2295,2240,2200
2019/20,BŠŠ Frýdek-Místek,65,115,2274,2248,2214,2190,2324,2288,2258,2232,2274,2248,2214,2190,2324,2288,2258,2232
2020/21,BŠŠ Frýdek-Místek,57,115,2354,2296,2246,2207,2378,2317,2280,2240,2354,2296,2246,2207,2378,2317,2280,2240
2021/22,BŠŠ Frýdek-Místek A,63,109,2419,2304,2249,2206,2417,2356,2321,2267,2419,2304,2249,2206,2417,2356,2321,2267
2022/23,KŠ Říčany 1925 A,61,102,2413,2306,2251,2217,2417,2366,2323,2281,2413,2306,2251,2217,2417,2366,2323,2281
2023/24,KOBEX Říčany B,59,119,2395,2307,2225,2173,2446,2380,2290,2233,2395,2307,2225,2173,2446,2380,2290,2233
2024/25,KOBEX Říčany 1925 A,60,123,2375,2282,2207,2157,2428,2339,2297,2254,2375,2282,2207,2157,2428,2339,2297,2254
2025/26,ŠK Staré Město,66,115,2331,2207,2156,2113,2339,2293,2255,2207,2331,2207,2156,2118,2339,2293,2255,2207
